Holding name,% of funds,Market value,Shares
Apple Inc.,"=""6.39147%""","$1,651,548,175","3,885,630.00"
Microsoft Corp.,"=""5.73631%""","$1,482,256,537","7,230,167.00"
Amazon.com Inc.,"=""4.89234%""","$1,264,175,732","399,464.00"
Facebook Inc. Class A,"=""2.24983%""","$581,353,550","2,291,771.00"
Alphabet Inc. Class A,"=""1.62600%""","$420,155,417","282,372.00"
Alphabet Inc. Class C,"=""1.62400%""","$419,639,123","282,974.00"
Johnson & Johnson,"=""1.41584%""","$365,850,312","2,509,950.00"
Berkshire Hathaway Inc. Class B,"=""1.40457%""","$362,938,334","1,853,807.00"
Procter & Gamble Co.,"=""1.19929%""","$309,896,482","2,363,457.00"
Visa Inc. Class A,"=""1.18752%""","$306,853,210","1,611,624.00"
JPMorgan Chase & Co.,"=""1.08724%""","$280,940,888","2,907,087.00"
UnitedHealth Group Inc.,"=""1.05888%""","$273,614,414","903,674.00"
Home Depot Inc.,"=""1.05412%""","$272,383,713","1,025,966.00"
Mastercard Inc. Class A,"=""1.00513%""","$259,723,331","841,809.00"
NVIDIA Corp.,"=""0.96313%""","$248,872,155","586,147.00"
Verizon Communications Inc.,"=""0.87586%""","$226,320,545","3,937,379.00"
PayPal Holdings Inc.,"=""0.84885%""","$219,342,921","1,118,697.00"
Netflix Inc.,"=""0.79326%""","$204,978,095","419,281.00"
Adobe Inc.,"=""0.78943%""","$203,987,312","459,100.00"
Pfizer Inc.,"=""0.78765%""","$203,529,032","5,289,216.00"
AT&T Inc.,"=""0.77969%""","$201,470,060","6,811,023.00"
Walt Disney Co.,"=""0.77875%""","$201,227,078","1,720,772.00"
Merck & Co. Inc.,"=""0.74929%""","$193,614,707","2,412,945.00"
Intel Corp.,"=""0.74636%""","$192,858,315","4,040,610.00"
Cisco Systems Inc.,"=""0.73601%""","$190,183,489","4,037,866.00"
Comcast Corp. Class A,"=""0.71830%""","$185,609,134","4,336,662.00"
Bank of America Corp.,"=""0.71777%""","$185,470,821","7,454,615.00"
PepsiCo Inc.,"=""0.70404%""","$181,923,196","1,321,540.00"
Walmart Inc.,"=""0.67494%""","$174,404,932","1,347,797.00"
Coca-Cola Co.,"=""0.67280%""","$173,850,758","3,680,160.00"
Abbott Laboratories,"=""0.65643%""","$169,620,870","1,685,422.00"
Exxon Mobil Corp.,"=""0.65575%""","$169,444,840","4,026,731.00"
salesforce.com Inc.,"=""0.64760%""","$167,339,713","858,813.00"
AbbVie Inc.,"=""0.61666%""","$159,345,158","1,678,908.00"
Thermo Fisher Scientific Inc.,"=""0.60492%""","$156,310,418","377,607.00"
Chevron Corp.,"=""0.57899%""","$149,611,214","1,782,359.00"
McDonald's Corp.,"=""0.53366%""","$137,897,807","709,789.00"
Amgen Inc.,"=""0.53235%""","$137,557,389","562,216.00"
Costco Wholesale Corp.,"=""0.52949%""","$136,820,910","420,302.00"
Accenture plc Class A,"=""0.52678%""","$136,118,901","605,565.00"
NextEra Energy Inc.,"=""0.50715%""","$131,047,602","466,860.00"
Bristol-Myers Squibb Co.,"=""0.49140%""","$126,978,310","2,164,649.00"
Linde plc,"=""0.47723%""","$123,315,576","503,103.00"
Medtronic plc,"=""0.47683%""","$123,211,907","1,277,072.00"
Danaher Corp.,"=""0.47256%""","$122,109,216","599,162.00"
Broadcom Inc.,"=""0.46630%""","$120,491,700","380,400.00"
Eli Lilly and Co.,"=""0.46626%""","$120,480,429","801,653.00"
NIKE Inc. Class B,"=""0.44609%""","$115,269,016","1,180,914.00"
Philip Morris International Inc.,"=""0.44103%""","$113,961,768","1,483,684.00"
QUALCOMM Inc.,"=""0.43923%""","$113,496,955","1,074,680.00"
Union Pacific Corp.,"=""0.43463%""","$112,308,611","647,872.00"
Texas Instruments Inc.,"=""0.43328%""","$111,958,416","877,761.00"
American Tower Corp.,"=""0.42755%""","$110,477,268","422,653.00"
Oracle Corp.,"=""0.42723%""","$110,396,459","1,990,919.00"
Lowe's Cos. Inc.,"=""0.41516%""","$107,277,593","720,419.00"
International Business Machines Corp.,"=""0.40166%""","$103,788,284","844,219.00"
Honeywell International Inc.,"=""0.38821%""","$100,313,158","671,575.00"
Citigroup Inc.,"=""0.38442%""","$99,332,913","1,986,261.00"
United Parcel Service Inc. Class B,"=""0.36983%""","$95,563,544","669,400.00"
Lockheed Martin Corp.,"=""0.34501%""","$89,149,282","235,241.00"
Wells Fargo & Co.,"=""0.33430%""","$86,382,800","3,560,709.00"
Advanced Micro Devices Inc.,"=""0.33426%""","$86,373,552","1,115,505.00"
Fidelity National Information Services Inc.,"=""0.33259%""","$85,940,885","587,389.00"
Starbucks Corp.,"=""0.33038%""","$85,370,746","1,115,520.00"
BlackRock Inc.,"=""0.32622%""","$84,294,741","146,597.00"
Charter Communications Inc. Class A,"=""0.32391%""","$83,699,220","144,309.00"
Gilead Sciences Inc.,"=""0.32220%""","$83,257,169","1,197,428.00"
3M Co.,"=""0.31829%""","$82,245,397","546,590.00"
S&P Global Inc.,"=""0.31264%""","$80,786,213","230,653.00"
Boeing Co.,"=""0.31245%""","$80,737,526","510,997.00"
ServiceNow Inc.,"=""0.30901%""","$79,848,317","181,804.00"
Raytheon Technologies Corp.,"=""0.30672%""","$79,256,041","1,398,307.00"
Becton Dickinson and Co.,"=""0.30588%""","$79,038,816","280,937.00"
CVS Health Corp.,"=""0.30292%""","$78,275,268","1,243,649.00"
Intuitive Surgical Inc.,"=""0.29436%""","$76,062,591","110,969.00"
Intuit Inc.,"=""0.29430%""","$76,047,468","248,221.00"
Mondelez International Inc. Class A,"=""0.29299%""","$75,709,280","1,364,377.00"
Prologis Inc.,"=""0.28721%""","$74,213,677","703,981.00"
Altria Group Inc.,"=""0.28193%""","$72,850,726","1,770,370.00"
Caterpillar Inc.,"=""0.26601%""","$68,737,097","517,287.00"
Zoetis Inc.,"=""0.26500%""","$68,476,694","451,455.00"
Vertex Pharmaceuticals Inc.,"=""0.25993%""","$67,165,232","246,931.00"
Equinix Inc.,"=""0.25666%""","$66,320,433","84,433.00"
Crown Castle International Corp.,"=""0.25638%""","$66,247,914","397,408.00"
Anthem Inc.,"=""0.25461%""","$65,790,033","240,285.00"
Booking Holdings Inc.,"=""0.25171%""","$65,040,809","39,131.00"
Dominion Energy Inc.,"=""0.25118%""","$64,903,571","800,982.00"
Colgate-Palmolive Co.,"=""0.24350%""","$62,921,320","815,043.00"
Cigna Corp.,"=""0.23609%""","$61,005,333","353,265.00"
Regeneron Pharmaceuticals Inc.,"=""0.23518%""","$60,771,002","96,146.00"
Activision Blizzard Inc.,"=""0.23472%""","$60,650,172","733,997.00"
Target Corp.,"=""0.23273%""","$60,138,037","477,741.00"
Air Products & Chemicals Inc.,"=""0.23244%""","$60,063,030","209,549.00"
T-Mobile US Inc.,"=""0.23070%""","$59,612,329","555,153.00"
TJX Cos. Inc.,"=""0.23014%""","$59,467,306","1,143,822.00"
Stryker Corp.,"=""0.22949%""","$59,300,767","306,781.00"
Duke Energy Corp.,"=""0.22945%""","$59,288,765","699,655.00"
American Express Co.,"=""0.22756%""","$58,801,865","630,110.00"
Goldman Sachs Group Inc.,"=""0.22694%""","$58,642,087","296,232.00"
CME Group Inc.,"=""0.21931%""","$56,668,377","341,006.00"
Marsh & McLennan Cos. Inc.,"=""0.21806%""","$56,347,533","483,255.00"
Applied Materials Inc.,"=""0.21796%""","$56,319,757","875,482.00"
Morgan Stanley,"=""0.21460%""","$55,451,183","1,134,435.00"
Southern Co.,"=""0.21276%""","$54,977,798","1,006,735.00"
Chubb Ltd.,"=""0.21149%""","$54,648,817","429,494.00"
Automatic Data Processing Inc.,"=""0.21079%""","$54,467,050","409,804.00"
Fiserv Inc.,"=""0.20856%""","$53,890,592","540,040.00"
Illumina Inc.,"=""0.20681%""","$53,438,579","139,833.00"
Newmont Corp.,"=""0.20578%""","$53,174,318","768,415.00"
Micron Technology Inc.,"=""0.20468%""","$52,888,614","1,056,610.00"
Deere & Co.,"=""0.20358%""","$52,604,381","298,363.00"
Boston Scientific Corp.,"=""0.20278%""","$52,398,425","1,358,528.00"
CSX Corp.,"=""0.20211%""","$52,224,162","732,046.00"
Lam Research Corp.,"=""0.20124%""","$51,999,804","137,872.00"
Illinois Tool Works Inc.,"=""0.19727%""","$50,975,104","275,556.00"
Intercontinental Exchange Inc.,"=""0.19650%""","$50,776,304","524,657.00"
Global Payments Inc.,"=""0.19621%""","$50,700,808","284,804.00"
General Electric Co.,"=""0.19538%""","$50,486,132","8,317,320.00"
Progressive Corp.,"=""0.19431%""","$50,208,894","555,777.00"
Sherwin-Williams Co.,"=""0.19428%""","$50,200,842","77,480.00"
Kimberly-Clark Corp.,"=""0.19128%""","$49,427,140","325,093.00"
Humana Inc.,"=""0.19108%""","$49,373,742","125,809.00"
Autodesk Inc.,"=""0.19082%""","$49,307,004","208,548.00"
Northrop Grumman Corp.,"=""0.18691%""","$48,296,161","148,599.00"
US Bancorp,"=""0.18677%""","$48,261,137","1,310,020.00"
Truist Financial Corp.,"=""0.18486%""","$47,768,056","1,275,175.00"
Norfolk Southern Corp.,"=""0.18233%""","$47,115,092","245,123.00"
Edwards Lifesciences Corp.,"=""0.17995%""","$46,499,953","593,036.00"
Dollar General Corp.,"=""0.17728%""","$45,808,336","240,590.00"
Aon plc Class A,"=""0.17574%""","$45,411,287","221,281.00"
Ecolab Inc.,"=""0.17009%""","$43,952,201","234,938.00"
PNC Financial Services Group Inc.,"=""0.16748%""","$43,277,299","405,712.00"
Moody's Corp.,"=""0.16748%""","$43,276,598","153,845.00"
Biogen Inc.,"=""0.16606%""","$42,909,600","156,211.00"
Roper Technologies Inc.,"=""0.16554%""","$42,775,792","98,915.00"
Estee Lauder Cos. Inc. Class A,"=""0.16326%""","$42,185,655","213,555.00"
Baxter International Inc.,"=""0.16174%""","$41,792,976","483,827.00"
Digital Realty Trust Inc.,"=""0.15898%""","$41,080,099","255,887.00"
American Electric Power Co. Inc.,"=""0.15867%""","$41,001,365","471,931.00"
Waste Management Inc.,"=""0.15689%""","$40,541,478","369,904.00"
Analog Devices Inc.,"=""0.15504%""","$40,062,666","348,826.00"
Electronic Arts Inc.,"=""0.15165%""","$39,186,396","276,701.00"
ConocoPhillips,"=""0.14860%""","$38,396,950","1,026,931.00"
DexCom Inc.,"=""0.14843%""","$38,353,217","88,059.00"
FedEx Corp.,"=""0.14824%""","$38,303,927","227,458.00"
DuPont de Nemours Inc.,"=""0.14530%""","$37,544,992","702,038.00"
General Mills Inc.,"=""0.14140%""","$36,536,717","577,473.00"
Centene Corp.,"=""0.13975%""","$36,110,329","553,415.00"
Charles Schwab Corp.,"=""0.13975%""","$36,111,787","1,089,345.00"
Exelon Corp.,"=""0.13871%""","$35,842,860","928,331.00"
Eaton Corp. plc,"=""0.13851%""","$35,790,511","384,307.00"
Emerson Electric Co.,"=""0.13770%""","$35,582,206","573,814.00"
Cognizant Technology Solutions Corp. Class A,"=""0.13723%""","$35,460,744","519,039.00"
eBay Inc.,"=""0.13546%""","$35,002,467","633,185.00"
L3Harris Technologies Inc.,"=""0.13510%""","$34,910,127","207,391.00"
Sempra Energy,"=""0.13429%""","$34,699,946","278,804.00"
Xcel Energy Inc.,"=""0.13380%""","$34,574,404","500,788.00"
O'Reilly Automotive Inc.,"=""0.13094%""","$33,835,740","70,878.00"
SBA Communications Corp. Class A,"=""0.12874%""","$33,266,241","106,780.00"
General Dynamics Corp.,"=""0.12612%""","$32,588,019","222,080.00"
IDEXX Laboratories Inc.,"=""0.12508%""","$32,319,972","81,257.00"
HCA Healthcare Inc.,"=""0.12288%""","$31,751,054","250,719.00"
IHS Markit Ltd.,"=""0.11870%""","$30,671,749","379,930.00"
Ross Stores Inc.,"=""0.11781%""","$30,441,530","339,484.00"
MSCI Inc. Class A,"=""0.11732%""","$30,315,643","80,631.00"
T. Rowe Price Group Inc.,"=""0.11688%""","$30,202,332","218,699.00"
General Motors Co.,"=""0.11522%""","$29,773,020","1,196,184.00"
Amphenol Corp. Class A,"=""0.11507%""","$29,733,895","281,145.00"
KLA Corp.,"=""0.11492%""","$29,694,139","148,597.00"
Verisk Analytics Inc. Class A,"=""0.11344%""","$29,313,834","155,338.00"
Cadence Design Systems Inc.,"=""0.11242%""","$29,049,247","265,897.00"
Eversource Energy,"=""0.11194%""","$28,924,449","321,133.00"
Dow Inc.,"=""0.11175%""","$28,877,128","703,291.00"
Walgreens Boots Alliance Inc.,"=""0.11144%""","$28,795,445","707,331.00"
WEC Energy Group Inc.,"=""0.11091%""","$28,658,495","300,845.00"
Public Storage,"=""0.11068%""","$28,600,030","143,086.00"
Synopsys Inc.,"=""0.11037%""","$28,518,741","143,152.00"
Allstate Corp.,"=""0.11028%""","$28,496,341","301,900.00"
Constellation Brands Inc. Class A,"=""0.11009%""","$28,446,422","159,632.00"
Monster Beverage Corp.,"=""0.10990%""","$28,397,831","361,848.00"
Agilent Technologies Inc.,"=""0.10933%""","$28,249,543","293,258.00"
TE Connectivity Ltd.,"=""0.10932%""","$28,248,818","317,153.00"
Clorox Co.,"=""0.10897%""","$28,157,698","119,055.00"
Chipotle Mexican Grill Inc. Class A,"=""0.10892%""","$28,144,318","24,364.00"
MetLife Inc.,"=""0.10808%""","$27,926,866","737,830.00"
PACCAR Inc.,"=""0.10793%""","$27,887,863","327,784.00"
ResMed Inc.,"=""0.10786%""","$27,869,831","137,622.00"
Travelers Cos. Inc.,"=""0.10785%""","$27,867,334","243,553.00"
Bank of New York Mellon Corp.,"=""0.10725%""","$27,713,663","773,045.00"
Capital One Financial Corp.,"=""0.10723%""","$27,708,787","434,307.00"
Johnson Controls International plc,"=""0.10670%""","$27,571,035","716,503.00"
Cummins Inc.,"=""0.10610%""","$27,416,830","141,865.00"
Twitter Inc.,"=""0.10503%""","$27,139,512","745,591.00"
IQVIA Holdings Inc.,"=""0.10481%""","$27,083,106","170,990.00"
AutoZone Inc.,"=""0.10433%""","$26,959,274","22,328.00"
Public Service Enterprise Group Inc.,"=""0.10428%""","$26,945,179","481,680.00"
American International Group Inc.,"=""0.10255%""","$26,499,366","824,498.00"
Zimmer Biomet Holdings Inc.,"=""0.10249%""","$26,483,807","196,380.00"
Kroger Co.,"=""0.10181%""","$26,306,841","756,161.00"
Yum! Brands Inc.,"=""0.10096%""","$26,088,101","286,525.00"
Kinder Morgan Inc.,"=""0.10073%""","$26,029,291","1,846,049.00"
EOG Resources Inc.,"=""0.10037%""","$25,934,708","553,569.00"
Phillips 66,"=""0.10028%""","$25,912,948","417,816.00"
Fastenal Co.,"=""0.09895%""","$25,569,721","543,574.00"
Willis Towers Watson plc,"=""0.09893%""","$25,563,047","121,723.00"
Sysco Corp.,"=""0.09890%""","$25,554,878","483,536.00"
American Water Works Co. Inc.,"=""0.09858%""","$25,473,734","172,973.00"
Trane Technologies plc,"=""0.09822%""","$25,381,177","226,881.00"
ANSYS Inc.,"=""0.09818%""","$25,370,429","81,682.00"
Xilinx Inc.,"=""0.09707%""","$25,082,220","233,649.00"
Aflac Inc.,"=""0.09506%""","$24,563,361","690,564.00"
Ford Motor Co.,"=""0.09485%""","$24,509,245","3,707,904.00"
Consolidated Edison Inc.,"=""0.09465%""","$24,457,140","318,328.00"
Otis Worldwide Corp.,"=""0.09356%""","$24,174,600","385,314.00"
PPG Industries Inc.,"=""0.09334%""","$24,118,875","224,049.00"
Cintas Corp.,"=""0.09331%""","$24,110,659","79,871.00"
Schlumberger Ltd.,"=""0.09308%""","$24,050,810","1,325,844.00"
HP Inc.,"=""0.09306%""","$24,047,295","1,367,878.00"
Prudential Financial Inc.,"=""0.09278%""","$23,975,342","378,339.00"
Rockwell Automation Inc.,"=""0.09248%""","$23,896,583","109,547.00"
Marathon Petroleum Corp.,"=""0.09159%""","$23,665,511","619,516.00"
Microchip Technology Inc.,"=""0.09141%""","$23,619,671","232,180.00"
Skyworks Solutions Inc.,"=""0.09042%""","$23,365,299","160,498.00"
McKesson Corp.,"=""0.08940%""","$23,099,713","153,834.00"
McCormick & Co. Inc./MD,"=""0.08888%""","$22,966,821","117,839.00"
Ball Corp.,"=""0.08834%""","$22,827,951","310,036.00"
Motorola Solutions Inc.,"=""0.08781%""","$22,688,841","162,295.00"
Archer-Daniels-Midland Co.,"=""0.08754%""","$22,619,208","528,116.00"
Corning Inc.,"=""0.08742%""","$22,588,925","728,675.00"
Church & Dwight Co. Inc.,"=""0.08686%""","$22,445,564","233,007.00"
Stanley Black & Decker Inc.,"=""0.08635%""","$22,312,813","145,531.00"
Williams Cos. Inc.,"=""0.08549%""","$22,091,649","1,154,817.00"
Valero Energy Corp.,"=""0.08468%""","$21,881,117","389,136.00"
Parker-Hannifin Corp.,"=""0.08432%""","$21,787,625","121,773.00"
Paychex Inc.,"=""0.08392%""","$21,685,462","301,522.00"
Marriott International Inc./MD Class A,"=""0.08342%""","$21,554,844","257,141.00"
State Street Corp.,"=""0.08336%""","$21,538,949","337,654.00"
Alexion Pharmaceuticals Inc.,"=""0.08318%""","$21,493,793","209,716.00"
Best Buy Co. Inc.,"=""0.08317%""","$21,490,924","215,794.00"
Mettler-Toledo International Inc.,"=""0.08310%""","$21,474,145","22,967.00"
Alexandria Real Estate Equities Inc.,"=""0.08260%""","$21,343,286","120,210.00"
Welltower Inc.,"=""0.08248%""","$21,311,738","397,904.00"
DTE Energy Co.,"=""0.08213%""","$21,221,574","183,530.00"
Carrier Global Corp.,"=""0.08120%""","$20,981,256","770,237.00"
DR Horton Inc.,"=""0.08119%""","$20,979,005","317,095.00"
Dollar Tree Inc.,"=""0.08101%""","$20,933,271","224,245.00"
FleetCor Technologies Inc.,"=""0.08063%""","$20,835,312","80,579.00"
VeriSign Inc.,"=""0.08022%""","$20,728,129","97,922.00"
TransDigm Group Inc.,"=""0.07978%""","$20,615,713","47,768.00"
AvalonBay Communities Inc.,"=""0.07934%""","$20,500,777","133,887.00"
Hershey Co.,"=""0.07919%""","$20,461,804","140,718.00"
Cerner Corp.,"=""0.07909%""","$20,436,288","294,259.00"
Kraft Heinz Co.,"=""0.07906%""","$20,427,943","594,181.00"
Corteva Inc.,"=""0.07839%""","$20,256,380","709,257.00"
AMETEK Inc.,"=""0.07817%""","$20,198,882","216,610.00"
Entergy Corp.,"=""0.07781%""","$20,106,007","191,249.00"
Align Technology Inc.,"=""0.07779%""","$20,100,520","68,411.00"
Edison International,"=""0.07758%""","$20,047,713","360,117.00"
Hilton Worldwide Holdings Inc.,"=""0.07723%""","$19,957,296","265,920.00"
Aptiv plc,"=""0.07686%""","$19,860,538","255,441.00"
Weyerhaeuser Co.,"=""0.07657%""","$19,785,564","711,455.00"
Fortive Corp.,"=""0.07606%""","$19,654,183","280,014.00"
Realty Income Corp.,"=""0.07605%""","$19,652,203","327,264.00"
PPL Corp.,"=""0.07541%""","$19,485,095","731,972.00"
Lennar Corp. Class A,"=""0.07422%""","$19,177,597","265,067.00"
Arthur J Gallagher & Co.,"=""0.07352%""","$18,997,030","176,733.00"
West Pharmaceutical Services Inc.,"=""0.07334%""","$18,949,689","70,479.00"
Ameren Corp.,"=""0.07318%""","$18,910,402","235,673.00"
Equifax Inc.,"=""0.07222%""","$18,661,238","114,796.00"
MarketAxess Holdings Inc.,"=""0.07189%""","$18,576,398","35,952.00"
VF Corp.,"=""0.07132%""","$18,427,968","305,301.00"
Copart Inc.,"=""0.07045%""","$18,205,477","195,233.00"
Simon Property Group Inc.,"=""0.07022%""","$18,144,910","291,017.00"
Ameriprise Financial Inc.,"=""0.06981%""","$18,039,081","117,419.00"
First Republic Bank/CA,"=""0.06956%""","$17,973,179","159,790.00"
Fortinet Inc.,"=""0.06933%""","$17,914,552","129,534.00"
Equity Residential,"=""0.06910%""","$17,855,840","332,945.00"
Take-Two Interactive Software Inc.,"=""0.06888%""","$17,799,122","108,518.00"
Keysight Technologies Inc.,"=""0.06882%""","$17,781,818","178,014.00"
Freeport-McMoRan Inc.,"=""0.06875%""","$17,765,646","1,375,050.00"
Laboratory Corp. of America Holdings,"=""0.06860%""","$17,725,875","91,882.00"
CMS Energy Corp.,"=""0.06783%""","$17,527,173","273,094.00"
Hologic Inc.,"=""0.06773%""","$17,500,336","250,793.00"
Maxim Integrated Products Inc.,"=""0.06759%""","$17,464,268","256,488.00"
Republic Services Inc. Class A,"=""0.06736%""","$17,406,288","199,499.00"
Conagra Brands Inc.,"=""0.06736%""","$17,406,947","464,805.00"
Akamai Technologies Inc.,"=""0.06664%""","$17,218,724","153,137.00"
Tyson Foods Inc. Class A,"=""0.06652%""","$17,188,855","279,721.00"
Incyte Corp.,"=""0.06554%""","$16,936,747","171,494.00"
Old Dominion Freight Line Inc.,"=""0.06439%""","$16,639,179","91,014.00"
Kellogg Co.,"=""0.06357%""","$16,426,795","238,104.00"
Teleflex Inc.,"=""0.06337%""","$16,375,359","43,890.00"
Quest Diagnostics Inc.,"=""0.06279%""","$16,223,789","127,676.00"
CDW Corp./DE,"=""0.06124%""","$15,824,531","136,125.00"
Tractor Supply Co.,"=""0.06106%""","$15,776,909","110,529.00"
Northern Trust Corp.,"=""0.06094%""","$15,745,843","200,968.00"
Citrix Systems Inc.,"=""0.06092%""","$15,740,575","110,259.00"
Kansas City Southern,"=""0.06065%""","$15,672,204","91,197.00"
Southwest Airlines Co.,"=""0.06064%""","$15,669,570","507,270.00"
Amcor plc,"=""0.06050%""","$15,632,279","1,517,697.00"
LyondellBasell Industries NV Class A,"=""0.05893%""","$15,227,184","243,557.00"
Pioneer Natural Resources Co.,"=""0.05887%""","$15,210,819","156,942.00"
Cardinal Health Inc.,"=""0.05859%""","$15,138,479","277,160.00"
CarMax Inc.,"=""0.05848%""","$15,111,902","155,841.00"
FirstEnergy Corp.,"=""0.05816%""","$15,029,714","518,266.00"
Vulcan Materials Co.,"=""0.05698%""","$14,722,942","125,387.00"
Broadridge Financial Solutions Inc.,"=""0.05655%""","$14,611,624","108,766.00"
Masco Corp.,"=""0.05634%""","$14,557,394","254,678.00"
Hartford Financial Services Group Inc.,"=""0.05597%""","$14,461,802","341,725.00"
Discover Financial Services,"=""0.05594%""","$14,454,617","292,426.00"
Domino's Pizza Inc.,"=""0.05558%""","$14,362,948","37,151.00"
Zebra Technologies Corp.,"=""0.05533%""","$14,296,352","50,922.00"
AmerisourceBergen Corp. Class A,"=""0.05527%""","$14,280,982","142,539.00"
Nasdaq Inc.,"=""0.05518%""","$14,259,478","108,594.00"
Dover Corp.,"=""0.05484%""","$14,169,344","137,660.00"
Duke Realty Corp.,"=""0.05465%""","$14,121,118","351,359.00"
WW Grainger Inc.,"=""0.05463%""","$14,117,484","41,336.00"
Qorvo Inc.,"=""0.05461%""","$14,112,262","110,123.00"
Evergy Inc.,"=""0.05417%""","$13,998,029","215,919.00"
Healthpeak Properties Inc.,"=""0.05415%""","$13,992,538","512,735.00"
Las Vegas Sands Corp.,"=""0.05414%""","$13,989,980","320,577.00"
CBRE Group Inc. Class A,"=""0.05385%""","$13,913,618","317,590.00"
Essex Property Trust Inc.,"=""0.05346%""","$13,814,351","62,582.00"
Expeditors International of Washington Inc.,"=""0.05274%""","$13,629,181","161,273.00"
Delta Air Lines Inc.,"=""0.05273%""","$13,625,130","545,660.00"
Ventas Inc.,"=""0.05254%""","$13,575,335","353,893.00"
Hormel Foods Corp.,"=""0.05252%""","$13,570,465","266,820.00"
Garmin Ltd.,"=""0.05237%""","$13,531,280","137,248.00"
Occidental Petroleum Corp.,"=""0.05227%""","$13,506,116","858,076.00"
Tyler Technologies Inc.,"=""0.05214%""","$13,473,684","37,715.00"
Arista Networks Inc.,"=""0.05181%""","$13,388,546","51,540.00"
Fifth Third Bancorp,"=""0.05170%""","$13,359,047","672,661.00"
ViacomCBS Inc. Class B,"=""0.05167%""","$13,350,238","512,092.00"
Cooper Cos. Inc.,"=""0.05142%""","$13,285,827","46,958.00"
Paycom Software Inc.,"=""0.05114%""","$13,213,821","46,467.00"
Jack Henry & Associates Inc.,"=""0.05046%""","$13,039,792","73,134.00"
M&T Bank Corp.,"=""0.05045%""","$13,035,876","123,038.00"
FMC Corp.,"=""0.05030%""","$12,996,428","122,550.00"
Tiffany & Co.,"=""0.05013%""","$12,953,449","103,330.00"
International Paper Co.,"=""0.05002%""","$12,925,007","371,515.00"
ABIOMED Inc.,"=""0.04988%""","$12,889,622","42,974.00"
Mid-America Apartment Communities Inc.,"=""0.04985%""","$12,880,148","108,064.00"
NVR Inc.,"=""0.04980%""","$12,867,311","3,274.00"
Waters Corp.,"=""0.04966%""","$12,832,056","60,202.00"
STERIS plc,"=""0.04947%""","$12,783,170","80,080.00"
Alliant Energy Corp.,"=""0.04946%""","$12,779,359","237,314.00"
International Flavors & Fragrances Inc.,"=""0.04925%""","$12,726,240","101,042.00"
Extra Space Storage Inc.,"=""0.04906%""","$12,677,648","122,679.00"
PerkinElmer Inc.,"=""0.04846%""","$12,522,888","105,314.00"
Xylem Inc./NY,"=""0.04819%""","$12,451,629","170,617.00"
Genuine Parts Co.,"=""0.04800%""","$12,402,567","137,577.00"
Atmos Energy Corp.,"=""0.04780%""","$12,350,909","116,529.00"
Varian Medical Systems Inc.,"=""0.04757%""","$12,290,904","86,119.00"
Martin Marietta Materials Inc.,"=""0.04746%""","$12,263,399","59,192.00"
Boston Properties Inc.,"=""0.04738%""","$12,243,282","137,426.00"
Hess Corp.,"=""0.04730%""","$12,221,992","248,364.00"
Western Digital Corp.,"=""0.04700%""","$12,143,727","281,757.00"
Hewlett Packard Enterprise Co.,"=""0.04683%""","$12,102,081","1,226,148.00"
Nucor Corp.,"=""0.04664%""","$12,051,312","287,278.00"
Leidos Holdings Inc.,"=""0.04649%""","$12,011,856","126,228.00"
Brown-Forman Corp. Class B,"=""0.04648%""","$12,009,688","173,200.00"
CH Robinson Worldwide Inc.,"=""0.04638%""","$11,984,445","127,875.00"
Halliburton Co.,"=""0.04612%""","$11,917,057","831,616.00"
IDEX Corp.,"=""0.04595%""","$11,874,457","72,045.00"
J M Smucker Co.,"=""0.04586%""","$11,849,931","108,367.00"
ONEOK Inc.,"=""0.04528%""","$11,700,681","419,229.00"
Synchrony Financial,"=""0.04371%""","$11,295,285","510,406.00"
NortonLifeLock Inc.,"=""0.04358%""","$11,260,928","524,985.00"
Cincinnati Financial Corp.,"=""0.04349%""","$11,237,272","144,197.00"
KeyCorp,"=""0.04339%""","$11,211,419","933,507.00"
Celanese Corp. Class A,"=""0.04310%""","$11,136,690","114,575.00"
Omnicom Group Inc.,"=""0.04299%""","$11,108,785","206,752.00"
SVB Financial Group,"=""0.04241%""","$10,958,729","48,864.00"
Wabtec Corp.,"=""0.04158%""","$10,744,442","172,768.00"
United Rentals Inc.,"=""0.04158%""","$10,743,836","69,150.00"
Jacobs Engineering Group Inc.,"=""0.04141%""","$10,700,756","125,375.00"
Gartner Inc.,"=""0.04096%""","$10,582,933","84,908.00"
Teledyne Technologies Inc.,"=""0.04094%""","$10,579,616","34,495.00"
E*TRADE Financial Corp.,"=""0.04094%""","$10,578,336","208,358.00"
PulteGroup Inc.,"=""0.04086%""","$10,557,304","242,140.00"
Bio-Rad Laboratories Inc. Class A,"=""0.04085%""","$10,554,488","20,108.00"
Expedia Group Inc.,"=""0.04079%""","$10,540,535","130,114.00"
JB Hunt Transport Services Inc.,"=""0.04050%""","$10,466,390","80,884.00"
Principal Financial Group Inc.,"=""0.04009%""","$10,359,497","244,155.00"
Ulta Beauty Inc.,"=""0.04005%""","$10,347,931","53,619.00"
Ingersoll Rand Inc.,"=""0.04000%""","$10,335,616","327,180.00"
UDR Inc.,"=""0.03926%""","$10,145,448","280,261.00"
Citizens Financial Group Inc.,"=""0.03914%""","$10,113,623","407,643.00"
Fortune Brands Home & Security Inc.,"=""0.03895%""","$10,065,411","131,574.00"
Concho Resources Inc.,"=""0.03873%""","$10,008,712","190,497.00"
Regions Financial Corp.,"=""0.03842%""","$9,927,050","914,093.00"
CenterPoint Energy Inc.,"=""0.03826%""","$9,885,523","520,017.00"
Advance Auto Parts Inc.,"=""0.03813%""","$9,853,088","65,626.00"
Whirlpool Corp.,"=""0.03799%""","$9,816,725","60,181.00"
Seagate Technology plc,"=""0.03793%""","$9,800,078","216,720.00"
Baker Hughes Co. Class A,"=""0.03749%""","$9,686,981","625,370.00"
Western Union Co.,"=""0.03734%""","$9,648,095","397,368.00"
Eastman Chemical Co.,"=""0.03719%""","$9,609,508","128,762.00"
AES Corp.,"=""0.03709%""","$9,583,584","629,257.00"
Henry Schein Inc.,"=""0.03700%""","$9,561,786","139,121.00"
NetApp Inc.,"=""0.03645%""","$9,418,977","212,618.00"
Dentsply Sirona Inc.,"=""0.03635%""","$9,393,340","210,613.00"
Darden Restaurants Inc.,"=""0.03630%""","$9,379,191","123,573.00"
Cboe Global Markets Inc.,"=""0.03569%""","$9,223,234","105,168.00"
CenturyLink Inc.,"=""0.03513%""","$9,077,234","940,646.00"
Huntington Bancshares Inc./OH,"=""0.03468%""","$8,961,856","966,759.00"
Avery Dennison Corp.,"=""0.03463%""","$8,949,440","78,961.00"
NiSource Inc.,"=""0.03442%""","$8,894,739","363,793.00"
Pinnacle West Capital Corp.,"=""0.03419%""","$8,835,475","106,349.00"
Hasbro Inc.,"=""0.03395%""","$8,771,727","120,557.00"
Allegion plc,"=""0.03389%""","$8,758,348","88,059.00"
Packaging Corp. of America,"=""0.03339%""","$8,627,731","89,760.00"
Fox Corp. Class A,"=""0.03307%""","$8,544,250","331,558.00"
Loews Corp.,"=""0.03306%""","$8,541,458","234,591.00"
W R Berkley Corp.,"=""0.03276%""","$8,463,949","137,068.00"
Everest Re Group Ltd.,"=""0.03273%""","$8,458,640","38,661.00"
Lamb Weston Holdings Inc.,"=""0.03227%""","$8,337,542","138,774.00"
Albemarle Corp.,"=""0.03222%""","$8,326,234","100,973.00"
Universal Health Services Inc. Class B,"=""0.03186%""","$8,233,049","74,914.00"
LKQ Corp.,"=""0.03158%""","$8,159,285","289,439.00"
NRG Energy Inc.,"=""0.03123%""","$8,070,819","238,711.00"
Juniper Networks Inc.,"=""0.03112%""","$8,041,069","316,827.00"
Raymond James Financial Inc.,"=""0.03107%""","$8,028,275","115,548.00"
Campbell Soup Co.,"=""0.03071%""","$7,935,959","160,096.00"
Royal Caribbean Cruises Ltd.,"=""0.03063%""","$7,916,008","162,513.00"
Mylan NV,"=""0.03053%""","$7,888,229","489,648.00"
F5 Networks Inc.,"=""0.03027%""","$7,820,909","57,549.00"
DISH Network Corp. Class A,"=""0.03015%""","$7,790,336","242,614.00"
Iron Mountain Inc.,"=""0.02973%""","$7,681,098","272,476.00"
MGM Resorts International,"=""0.02945%""","$7,609,589","472,939.00"
Snap-on Inc.,"=""0.02937%""","$7,588,012","52,019.00"
Textron Inc.,"=""0.02923%""","$7,553,364","216,181.00"
United Airlines Holdings Inc.,"=""0.02905%""","$7,507,100","239,232.00"
Globe Life Inc.,"=""0.02900%""","$7,492,987","94,133.00"
Host Hotels & Resorts Inc.,"=""0.02835%""","$7,324,449","679,448.00"
DaVita Inc.,"=""0.02787%""","$7,201,897","82,411.00"
BorgWarner Inc.,"=""0.02767%""","$7,149,371","195,338.00"
Cabot Oil & Gas Corp.,"=""0.02753%""","$7,113,499","380,401.00"
Rollins Inc.,"=""0.02710%""","$7,003,627","133,657.00"
Lincoln National Corp.,"=""0.02670%""","$6,899,683","185,127.00"
Perrigo Co. plc,"=""0.02651%""","$6,849,813","129,193.00"
Pentair plc,"=""0.02647%""","$6,840,188","159,631.00"
Huntington Ingalls Industries Inc.,"=""0.02604%""","$6,727,441","38,728.00"
Molson Coors Beverage Co. Class B,"=""0.02590%""","$6,693,193","178,390.00"
Interpublic Group of Cos. Inc.,"=""0.02570%""","$6,640,451","367,892.00"
Wynn Resorts Ltd.,"=""0.02560%""","$6,616,046","91,344.00"
Regency Centers Corp.,"=""0.02559%""","$6,613,133","161,178.00"
Westrock Co.,"=""0.02540%""","$6,563,295","244,352.00"
CF Industries Holdings Inc.,"=""0.02503%""","$6,468,768","206,472.00"
Live Nation Entertainment Inc.,"=""0.02454%""","$6,340,883","135,460.00"
A O Smith Corp.,"=""0.02412%""","$6,233,071","129,478.00"
Carnival Corp.,"=""0.02407%""","$6,220,613","448,171.00"
Diamondback Energy Inc.,"=""0.02355%""","$6,085,865","152,681.00"
IPG Photonics Corp.,"=""0.02325%""","$6,007,934","33,562.00"
Newell Brands Inc.,"=""0.02291%""","$5,918,662","360,894.00"
Assurant Inc.,"=""0.02269%""","$5,862,059","54,546.00"
Discovery Communications Inc. Class C,"=""0.02253%""","$5,822,956","307,280.00"
News Corp. Class A,"=""0.02244%""","$5,798,387","455,848.00"
Robert Half International Inc.,"=""0.02200%""","$5,684,468","111,745.00"
Franklin Resources Inc.,"=""0.02152%""","$5,561,557","264,207.00"
Apartment Investment and Management Co.,"=""0.02128%""","$5,499,280","141,661.00"
Apache Corp.,"=""0.02113%""","$5,460,317","355,721.00"
Howmet Aerospace Inc.,"=""0.02099%""","$5,424,999","367,050.00"
L Brands Inc.,"=""0.02081%""","$5,376,815","220,271.00"
Quanta Services Inc.,"=""0.02050%""","$5,296,385","132,509.00"
American Airlines Group Inc.,"=""0.02040%""","$5,271,025","474,013.00"
Sealed Air Corp.,"=""0.02025%""","$5,233,721","146,685.00"
FLIR Systems Inc.,"=""0.02011%""","$5,196,377","124,733.00"
Vornado Realty Trust,"=""0.02002%""","$5,173,685","149,875.00"
Comerica Inc.,"=""0.01991%""","$5,145,193","133,572.00"
Zions Bancorp NA,"=""0.01984%""","$5,126,753","157,892.00"
Federal Realty Investment Trust,"=""0.01959%""","$5,062,200","66,346.00"
Leggett & Platt Inc.,"=""0.01942%""","$5,016,983","125,143.00"
Nielsen Holdings plc,"=""0.01892%""","$4,889,490","338,842.00"
Hanesbrands Inc.,"=""0.01862%""","$4,812,028","340,554.00"
Kimco Realty Corp.,"=""0.01770%""","$4,572,927","410,128.00"
Noble Energy Inc.,"=""0.01755%""","$4,535,280","453,982.00"
Mohawk Industries Inc.,"=""0.01736%""","$4,484,775","56,165.00"
Mosaic Co.,"=""0.01723%""","$4,451,579","330,481.00"
People's United Financial Inc.,"=""0.01711%""","$4,422,238","409,846.00"
DXC Technology Co.,"=""0.01681%""","$4,344,088","242,551.00"
National Oilwell Varco Inc.,"=""0.01634%""","$4,222,374","366,844.00"
Marathon Oil Corp.,"=""0.01606%""","$4,149,122","755,760.00"
Alaska Air Group Inc.,"=""0.01551%""","$4,007,266","116,355.00"
Fox Corp. Class B,"=""0.01523%""","$3,934,357","152,672.00"
HollyFrontier Corp.,"=""0.01497%""","$3,868,562","140,675.00"
Devon Energy Corp.,"=""0.01488%""","$3,845,739","366,610.00"
SL Green Realty Corp.,"=""0.01390%""","$3,590,590","77,217.00"
Norwegian Cruise Line Holdings Ltd.,"=""0.01374%""","$3,551,092","260,344.00"
Invesco Ltd.,"=""0.01370%""","$3,539,602","352,550.00"
Tapestry Inc.,"=""0.01351%""","$3,491,249","261,321.00"
Flowserve Corp.,"=""0.01332%""","$3,443,143","123,543.00"
Unum Group,"=""0.01301%""","$3,360,591","195,043.00"
Ralph Lauren Corp. Class A,"=""0.01299%""","$3,355,948","47,068.00"
PVH Corp.,"=""0.01284%""","$3,318,807","68,204.00"
Discovery Inc. Class A,"=""0.01239%""","$3,200,617","151,688.00"
TechnipFMC plc,"=""0.01234%""","$3,189,203","397,161.00"
Xerox Holdings Corp.,"=""0.01136%""","$2,934,329","176,236.00"
Kohl's Corp.,"=""0.01093%""","$2,824,470","148,344.00"
Gap Inc.,"=""0.01054%""","$2,724,739","203,795.00"
H&R Block Inc.,"=""0.01038%""","$2,681,949","184,962.00"
Under Armour Inc. Class A,"=""0.00729%""","$1,883,238","179,015.00"
Under Armour Inc. Class C,"=""0.00679%""","$1,753,752","184,800.00"
Coty Inc. Class A,"=""0.00400%""","$1,033,261","278,507.00"
News Corp. Class B,"=""0.00159%""","$411,752","32,269.00"

"Total allocation percentages shown in the holdings details or the spreadsheet may not equal 100%, due to rounding or omission of cash and/or futures contracts.The value of investments, and the income from them, may fall or rise and investors may get back less than they invested."
